<?xml version="1.0" encoding="UTF-8"?>
<!DOCTYPE mapper				
  PUBLIC "-//mybatis.org//DTD Mapper 3.0//EN"				
  "http://mybatis.org/dtd/mybatis-3-mapper.dtd">				

<mapper namespace="kr.co.redbull.user">
	<sql id="userColumns">
	    rid,
	    passwd,
	    uname,
	    birth,
	    phone,
	    postnum,
	    address,
	    detadd,
	    DECODE(lvl, 10, 'BASIC', 20, 'SILVER', 30, 'GOLD', 90, 'MANAGER', 'NOLEVEL') as lvl,
	    upoint,
	    inum,
	    TO_CHAR(regdt, 'YYYY/MM/DD') AS regdt
	</sql>
	
	<sql id="baseCondition">
		<where>
			<choose>
				<when test="'10' == searchDiv">
					u_id like '%' || #{searchWord} || '%'
				</when>
				<when test="'20' == searchDiv">
					name like '%' || #{searchWord} || '%'
				</when>
				<when test="'30' == searchDiv">
					email like '%' || #{searchWord} || '%'
				</when>				
			</choose>
		</where>	
	</sql>
	
	<!-- 사용자 전체 조회 -->
	<select id="get_all" resultType="User"> <!-- Alias 사용 -->
		SELECT                                   
			<include refid="userColumns"></include> 						
		FROM                                     
		    users                                
		ORDER BY regDt, u_id                    
	</select>
	
	<!-- 
		do_update: 회원정보수정
		do_delete: 회원탈퇴
		do_save: 회원가입
		get_selectOne: 회원정보 단건 조회(아이디/비밀번호 찾기)
	-->
	
	<!-- 전체(목록) 조회 -->
	<select id="get_retrieve" parameterType="Search" resultType="User"> <!-- Alias 사용 -->
		SELECT T1.*, T2.*                                  
		FROM (                                             
		SELECT B.u_id,                                     
		        B.name,                                    
		        B.passwd,                                  
		        DECODE(B.h_level, 1, 'BASIC', 2, 'SILVER', 3, 'GOLD', 'NOLEVEL') as hlevel,                                 
		        B.login,                                   
		        B.recommend,                               
		        B.email,                                   
		        TO_CHAR(B.reg_dt, 'YYYY/MM/DD') regDt,    
		        B.rnum AS num                       
		FROM(                                              
		     SELECT ROWNUM AS rnum, A.*                    
		     FROM(                                         
		          SELECT *                                 
		          FROM users                               
				 <include refid="baseCondition"></include>
		          ORDER BY reg_dt DESC                     
		         )A WHERE ROWNUM <![CDATA[ <= ]]> ( #{pageSize} *( #{pageNum} - 1)+ #{pageSize} )     
		    )B WHERE B.rnum <![CDATA[ >= ]]> ( #{pageSize} *( #{pageNum} - 1)+1)            
		) T1                                               
		NATURAL JOIN (SELECT COUNT(*) totalCnt            
		              FROM users                           
					  <include refid="baseCondition"></include>
		              )T2   
	</select>
	
	
	<!-- 업데이트 -->
	<update id="do_update" parameterType="User"> <!-- Alias 사용 -->
		UPDATE ruser            
		SET                     
		    rid       = #{rid, jdbcType=VARCHAR},   
		    passwd       = #{passwd, jdbcType=VARCHAR},  
		    uname       = #{uname, jdbcType=VARCHAR},  
		    birth       = #{birth, jdbcType=VARCHAR},  
		    phone       = #{phone, jdbcType=VARCHAR},  
			postnum       = #{postnum, jdbcType=NUMERIC},  
		    address       = #{address, jdbcType=VARCHAR},  
		    detadd       = #{detadd, jdbcType=VARCHAR},  
		    lvl       = #{intlvl, jdbcType=NUMERIC},  
		    upoint       = #{upoint, jdbcType=NUMERIC}, 
		    inum       = #{inum, jdbcType=NUMERIC},     
		    regdt    = SYSDATE
		WHERE                   
		    rid = #{rid, jdbcType=VARCHAR}          
	</update>

	<!-- 단건 조회 -->
	<select id="get_selectOne" parameterType="User" resultType="User"> <!-- Alias 사용 -->
		SELECT                                   
			<include refid="userColumns"></include>                 
		FROM                                     
		    ruser                                
		WHERE rid = #{rid, jdbcType=VARCHAR}                   
	</select>
	
	<!-- 등록 -->
	<insert id="do_save" parameterType="User"> <!-- Alias 사용 -->
	INSERT INTO ruser (
	    rid,
	    passwd,
	    uname,
	    birth,
	    phone,
	    postnum,
	    address,
	    detadd,
	    lvl,
	    upoint,
	    inum,
	    regdt      
	) VALUES (         
	    #{rid, jdbcType=VARCHAR},   
	    #{passwd, jdbcType=VARCHAR},  
	    #{uname, jdbcType=VARCHAR},  
	    #{birth, jdbcType=VARCHAR},  
	    #{phone, jdbcType=VARCHAR},  
		#{postnum, jdbcType=NUMERIC},  
	    #{address, jdbcType=VARCHAR},  
	    #{detadd, jdbcType=VARCHAR}, 
	    #{intlvl, jdbcType=NUMERIC},  
	    0, 
	    #{inum, jdbcType=NUMERIC},    
	    SYSDATE      
	)                  
	</insert>
	
	<!-- 삭제 -->
	<!-- namespace + id로 호출함 : kr.co.redbull.user.do_delete -->
	<delete id="do_delete" parameterType="User"> <!-- Alias 사용 -->
		<![CDATA[
			DELETE 
			FROM ruser 
			WHERE rid = #{rid, jdbcType=VARCHAR}
		]]>
	</delete>

</mapper>