<?xml version="1.0" encoding="UTF-8"?>
<!DOCTYPE log4j:configuration PUBLIC "-//APACHE//DTD LOG4J 1.2//EN" "log4j.dtd">
<log4j:configuration xmlns:log4j="http://jakarta.apache.org/log4j/">
    <appender name="rolling" class="org.apache.log4j.RollingFileAppender">
        <!-- 로그 파일 생성위치 -->
        <param name="file" value="./hr_log.log" />
        <param name="Append" value="true" />
        <!-- 로그 파일 하나당 사이즈 5m -->
        <param name="MaxFileSize" value="5000kb" />
        <!-- 최대 생성 파일수 ( 50개가 넘으면 순차적으로 파일이 삭제됨 -->
        <param name="MaxBackupIndex" value="50" />
        <layout class="org.apache.log4j.PatternLayout">
            <param name="ConversionPattern"
                value="[%d{yyyy-MM-dd HH:mm:ss.SSS}] %-5p %C{1}.%M(%F:%L) - %m%n" />
        </layout>
    </appender>
 <!-- Appenders -->
 <appender name="console" class="org.apache.log4j.ConsoleAppender">
  <param name="Target" value="System.out" />
  <layout class="org.apache.log4j.PatternLayout">
   <!-- <param name="ConversionPattern" value="%-5p: %c - %m%n" /> -->
   <param name="ConversionPattern" 
            value="%d{yyyy-MM-dd HH:mm:ss} [%-5p](%-15c{1}:%-3L) %m%n" />        
  </layout>
 </appender>
 
 <!-- Query Loggers:Mybatis -->
 <appender name="console-infolog"  class="org.apache.log4j.ConsoleAppender">
 	<layout class="org.apache.log4j.PatternLayout">
		<param name="ConversionPattern" 
		            value="%d [%-5p] %m%n" />     	
 	</layout>
 </appender>
 
 <!-- SQL -->
 <logger name="jdbc.sqlonly" additivity="false">
 	<level value="info" />
 	<appender-ref ref="console-infolog" />
 	<appender-ref ref="rolling" />
 </logger>
 <!-- 결과 -->
 <logger name="jdbc.resultsettable" additivity="false">
 	<level value="info" />
 	<appender-ref ref="console-infolog" />
 	<appender-ref ref="rolling" />
 </logger>
  
 
 <!-- Application Loggers -->
 <logger name="kr.co.redbull">
  <level value="debug" />
 </logger>
 
 <!-- 3rdparty Loggers -->
 <logger name="org.springframework.core">
  <level value="info" />
 </logger> 
 
 <logger name="org.springframework.beans">
  <level value="info" />
 </logger>
 
 <logger name="org.springframework.context">
  <level value="info" />
 </logger>

 <logger name="org.springframework.web">
  <level value="info" />
 </logger>

 <!-- Root Logger -->
 <root>
  <priority value="info" />
  <appender-ref ref="console" />
  <appender-ref ref="rolling" />
 </root>
 
</log4j:configuration>
